{
    "name": "margies-custom-skillset",
    "description": "Skillset for document extraction",
    "cognitiveServices": {
        "@odata.type": "#Microsoft.Azure.Search.CognitiveServicesByKey",
        "description": "Azure AI services",
        "key": "YOUR_AI_SERVICES_KEY"
      },
    "skills": [
      {
        "@odata.type": "#Microsoft.Skills.Text.V3.SentimentSkill",
        "name": "get-sentiment",
        "description": "Evaluate sentiment",
        "context": "/document",
        "defaultLanguageCode": "en",
        "inputs": [
          {
            "name": "text",
            "source": "/document/merged_content"
          },
          {
            "name": "languageCode",
            "source": "/document/language"
          }
        ],
        "outputs": [
          {
            "name": "sentiment",
            "targetName": "sentimentLabel"
          }
        ]
      },
      {
        "@odata.type": "#Microsoft.Skills.Text.EntityRecognitionSkill",
        "name": "#1",
        "description": null,
        "context": "/document/merged_content",
        "categories": [
          "Person",
          "Quantity",
          "Organization",
          "URL",
          "Email",
          "Location",
          "DateTime"
        ],
        "defaultLanguageCode": "en",
        "minimumPrecision": null,
        "includeTypelessEntities": null,
        "inputs": [
          {
            "name": "text",
            "source": "/document/merged_content"
          },
          {
            "name": "languageCode",
            "source": "/document/language"
          }
        ],
        "outputs": [
          {
            "name": "locations",
            "targetName": "locations"
          },
          {
            "name": "entities",
            "targetName": "entities"
          }
        ]
      },
      {
        "@odata.type": "#Microsoft.Skills.Text.KeyPhraseExtractionSkill",
        "name": "#2",
        "description": null,
        "context": "/document/merged_content",
        "defaultLanguageCode": "en",
        "maxKeyPhraseCount": null,
        "inputs": [
          {
            "name": "text",
            "source": "/document/merged_content"
          },
          {
            "name": "languageCode",
            "source": "/document/language"
          }
        ],
        "outputs": [
          {
            "name": "keyPhrases",
            "targetName": "keyphrases"
          }
        ]
      },
      {
        "@odata.type": "#Microsoft.Skills.Text.LanguageDetectionSkill",
        "name": "#3",
        "description": null,
        "context": "/document",
        "inputs": [
          {
            "name": "text",
            "source": "/document/merged_content"
          }
        ],
        "outputs": [
          {
            "name": "languageCode",
            "targetName": "language"
          }
        ]
      },
      {
        "@odata.type": "#Microsoft.Skills.Text.MergeSkill",
        "name": "#4",
        "description": null,
        "context": "/document",
        "insertPreTag": " ",
        "insertPostTag": " ",
        "inputs": [
          {
            "name": "text",
            "source": "/document/content"
          },
          {
            "name": "itemsToInsert",
            "source": "/document/normalized_images/*/text"
          },
          {
            "name": "offsets",
            "source": "/document/normalized_images/*/contentOffset"
          }
        ],
        "outputs": [
          {
            "name": "mergedText",
            "targetName": "merged_content"
          }
        ]
      },
      {
        "@odata.type": "#Microsoft.Skills.Vision.OcrSkill",
        "name": "#5",
        "description": null,
        "context": "/document/normalized_images/*",
        "textExtractionAlgorithm": null,
        "lineEnding": "Space",
        "defaultLanguageCode": "en",
        "detectOrientation": true,
        "inputs": [
          {
            "name": "image",
            "source": "/document/normalized_images/*"
          }
        ],
        "outputs": [
          {
            "name": "text",
            "targetName": "text"
          },
          {
            "name": "layoutText",
            "targetName": "layoutText"
          }
        ]
      },
      {
        "@odata.type": "#Microsoft.Skills.Vision.ImageAnalysisSkill",
        "name": "#6",
        "description": null,
        "context": "/document/normalized_images/*",
        "defaultLanguageCode": "en",
        "visualFeatures": [
          "tags",
          "description"
        ],
        "details": [],
        "inputs": [
          {
            "name": "image",
            "source": "/document/normalized_images/*"
          }
        ],
        "outputs": [
          {
            "name": "tags",
            "targetName": "imageTags"
          },
          {
            "name": "description",
            "targetName": "imageCaption"
          }
        ]
      }
    ],
    "knowledgeStore": null,
    "encryptionKey": null
  }